nascimento,nome,gênero,casado,idade,bairro,pessoas,profissão
1965-01-18,William Davis,F,S,27,Galeão,7,Publicitário
1967-10-01,Michael West,F,N,66,Vista Alegre,5,Motorista
2004-04-11,Christopher Moses,M,S,34,Vila Militar,4,Cantor
1953-06-01,Alex Holder,F,S,61,Bangu,5,Arquiteto
1968-04-21,Matthew Young,M,S,47,Praia da Bandeira,5,Cantor
1949-12-27,Kimberly Osborn,F,N,50,Turiaçu,4,Mecânico Automotivo
1958-06-11,Susan Martinez,M,S,57,Marechal Hermes,5,Enfermeiro
1956-06-16,Christina Harris,F,S,49,Glória,5,Advogado
1962-12-26,Kevin Oliver,M,S,46,Santa Cruz,5,Chef de cozinha
1984-04-12,Matthew Sims,F,N,44,Marechal Hermes,4,Advogado
1997-07-31,Gregory Stone,M,S,67,Camorim,2,Policial
1957-03-16,Kelsey Cox,F,S,64,Humaitá,4,Cantor
1954-04-19,Sarah Humphrey,F,N,68,Vista Alegre,3,Dentista
1986-06-07,Brooke Campos,M,N,37,Cidade Universitária,1,Policial
1996-03-04,John Newton,M,S,40,Pechincha,6,Cientista
1974-11-22,Derrick Jones,M,N,50,Gamboa,5,Digital influencer
1962-07-03,Mr. Nathan Hardy,F,S,80,Magalhães Bastos,3,Cantor
1949-09-03,James Levine,M,N,64,Anchieta,6,Motorista
1989-08-30,Hannah Lewis,M,S,49,Guaratiba,6,Gerente de banco
2005-05-28,Arthur Shields Jr.,F,S,26,Cavalcanti,4,Policial
1981-01-19,Barbara Clark,F,S,30,Engenho Novo,3,Policial
1980-04-27,Amy Nielsen,F,N,49,Lins de Vasconcelos,5,Cientista
1956-05-24,Scott Silva,F,N,19,Vila Kosmos,6,Arquiteto
1994-10-04,Elizabeth Jackson,M,S,77,Parque Colúmbia,6,Encanador
1985-09-22,Christopher Sutton,M,S,67,Vila Kennedy,4,Professor
1976-08-25,Ariana Oconnor,M,N,32,Parque Anchieta,2,Cabeleireiro
1967-12-28,Katie Dorsey,F,N,38,Mangueira,3,Advogado
1999-06-04,Tyler Kelly,F,N,71,Lagoa,1,Pedreiro
1960-03-26,Emily Brock,F,S,49,Urca,3,Publicitário
1951-06-21,Angela Edwards,M,N,33,Tomás Coelho,2,Cantor
1957-01-24,Ms. Monica Savage,F,S,60,Costa Barros,4,Enfermeiro
1956-04-30,Jeffrey Smith,F,S,79,Lagoa,3,Dentista
1949-05-05,Patrick Lamb,M,N,66,Pechincha,4,Bombeiro
1993-07-04,Jonathan Vaughn,M,N,51,Praça da Bandeira,7,Arquiteto
1977-04-14,Jesse Gonzalez,F,S,22,Grumari,3,Digital influencer
1997-09-03,Daniel Thompson,M,S,79,Olaria,5,Entregador
1990-09-07,Barbara Bennett,F,S,71,Tanque,6,Engenheiro
1970-02-17,Andrew Gutierrez,F,S,80,Vidigal,1,Auxiliar de serviços gerais
2004-12-27,Debra Cohen,F,S,43,Bangu,3,Eletricista
1962-12-26,Kristin Obrien,F,N,70,Copacabana,7,Pedreiro
1981-12-24,Amanda Brown,M,N,24,Complexo do Alemão,7,Engenheiro
1984-08-13,James Carr,M,N,70,Campo Grande,1,Arquiteto
1973-08-04,David Wade,F,N,48,Engenho da Rainha,4,Pedreiro
1955-09-26,Kimberly Carter,F,N,72,Sampaio,6,Arquiteto
2000-02-01,Monique Cooper,F,S,48,Portuguesa,4,Cabeleireiro
1977-03-23,Julie Mcfarland,M,N,64,Vasco da Gama,7,Motorista
1963-03-04,Jeffrey Barnes,F,S,28,Grajaú,1,Ator
1999-04-26,John Clements,M,N,66,Vila da Penha,3,Entregador
1998-12-22,Bryan Morrison,F,N,65,Centro,1,Cabeleireiro
1987-05-11,Lisa Burton,F,N,78,Bento Ribeiro,5,Arquiteto
1972-09-24,Kristi Tanner,M,S,77,Rocinha,3,Dentista
1965-05-03,Jessica Moran,F,N,58,Penha Circular,3,Segurança
1980-06-01,Christopher Hancock,F,N,52,Catete,4,Professor
1957-07-04,John Moore,F,N,21,Vasco da Gama,7,Encanador
1977-12-26,Cameron Rose,M,N,59,Recreio dos Bandeirantes,7,Químico
1960-05-08,Stacie Powell,F,S,51,Maré,1,Cabeleireiro
2006-02-11,Troy Hodges,F,S,27,Mangueira,7,Cabeleireiro
1976-01-10,Maria Key DDS,M,N,19,Santo Cristo,5,Arquiteto
1996-06-05,Martin Obrien,M,N,31,Tomás Coelho,5,Mecânico Automotivo
1996-02-16,Dr. Natalie Schneider MD,M,N,59,Grajaú,6,Gerente de banco
2001-09-23,Robert Alexander,M,S,72,Vigário Geral,4,Encanador
1978-12-10,James Patel,M,N,77,Alto da Boa Vista,1,Estagiário
1967-11-15,Peter Cox,F,N,47,Alto da Boa Vista,3,Personal trainer
1954-07-30,Blake Clayton,M,S,72,Rocha,1,Policial
1949-04-03,Dana Matthews,M,S,42,Pechincha,5,Entregador
1972-04-16,Natasha Welch,M,N,30,Ricardo de Albuquerque,7,Médico
1971-05-28,Cory Carlson,M,S,57,Estácio,6,Enfermeiro
1963-04-23,Robert Johnson,F,S,35,Itanhangá,5,Digital influencer
1983-05-27,Dr. Michelle Smith MD,F,S,58,Botafogo,3,Médico
1951-04-20,Melissa Phillips,F,N,59,Pavuna,1,Segurança
1994-04-24,Laura Vasquez,M,S,45,Vargem Grande,5,Funcionário público
1966-06-04,Leon Walker,M,S,65,Acari,2,Encanador
1965-04-06,Kathryn Mack,M,N,65,Realengo,3,Médico
1967-03-26,Casey Davis,F,S,68,Camorim,2,Cabeleireiro
1994-08-21,Emily Beck,F,N,19,Praia da Bandeira,2,Advogado
1953-04-22,Jane Nichols,F,N,44,Santa Cruz,2,Bombeiro
2006-03-03,Janice Smith,F,N,74,Vila Isabel,5,Estagiário
2006-09-03,Jeffrey Patterson,M,N,31,Pavuna,6,Publicitário
1996-11-29,Christina Wilson,F,S,35,Higienópolis,7,Dentista
1997-02-09,Morgan Collins,M,N,54,Catete,3,Eletricista
1963-12-27,Sharon Wong,M,N,23,Gericinó,4,Arquiteto
1969-05-09,Michael Rogers,M,N,59,Vidigal,4,Pedreiro
1978-10-10,Ronnie Thompson,F,N,41,Tomás Coelho,5,Cientista
1998-03-30,Amy Roy,F,S,71,Engenho de Dentro,3,Médico
1973-05-12,Joseph Garcia,F,S,25,Cavalcanti,7,Segurança
1949-08-13,James Nelson,M,N,58,Penha Circular,7,Chef de cozinha
1968-07-02,George Price,M,S,32,Moneró,5,Funcionário público
1960-06-13,Kevin Clark Jr.,M,N,78,Pilares,6,Auxiliar de serviços gerais
1990-01-13,Julie Mcdowell,M,N,49,Urca,4,Chef de cozinha
1985-06-08,Ashley Nixon,M,N,44,Gericinó,2,Encanador
1980-05-28,Christina Smith,M,S,38,Inhaúma,5,Enfermeiro
2006-06-27,Samantha Williams,F,N,39,Praça Seca,1,Arquiteto
1996-01-02,Steven Shepard,F,N,60,Guaratiba,4,Pedreiro
1950-04-05,Jasmine Stone,M,N,34,Água Santa,6,Arquiteto
1982-08-18,Dennis Charles,M,S,67,Rocha Miranda,3,Auxiliar de serviços gerais
1956-04-18,Jamie Heath,F,S,70,Guadalupe,1,Arquiteto
1963-12-04,Samuel Brown,M,N,52,Zumbi,2,Gerente de banco
1950-11-24,Kimberly Pacheco,M,N,39,Praça da Bandeira,2,Cabeleireiro
1993-06-15,Brenda Skinner,M,S,47,Abolição,6,Arquiteto
1987-08-19,Stephen Colon,F,S,62,Rocha Miranda,5,Mecânico Automotivo
1989-06-17,Bridget Terry,M,N,47,Cocotá,3,Publicitário
1968-03-03,Ian Thompson,M,N,42,Pilares,5,Encanador
2004-01-21,Cassandra Potter,M,N,73,Santíssimo,3,Digital influencer
1978-09-17,Amanda Farley,M,S,23,Pedra de Guaratiba,3,Mecânico Automotivo
1999-04-30,Roberto Lane,M,N,19,Bonsucesso,5,Segurança
1973-06-17,Thomas Griffin,F,N,75,Zumbi,4,Digital influencer
2004-02-16,Matthew Berry,M,S,68,Urca,7,Cientista
1966-05-04,Elizabeth Harris,F,N,19,Anchieta,2,Médico
1984-09-15,Michelle Allen,M,S,52,Santa Cruz,3,Gerente de banco
1976-12-07,Andrew Gonzalez,M,N,52,Maracanã,6,Auxiliar de serviços gerais
1976-01-23,Emily Smith,M,N,36,Colégio,4,Cabeleireiro
1968-10-05,Paul Franklin,F,N,68,Vista Alegre,6,Engenheiro
2005-03-06,Alejandra Mason,F,N,71,Honório Gurgel,3,Chef de cozinha
1960-01-28,Cory Peterson,F,N,46,Cordovil,2,Cabeleireiro
1989-02-17,James Smith,F,N,36,Cascadura,2,Cientista
2001-07-04,John Wilkerson,F,S,76,Honório Gurgel,2,Enfermeiro
1970-10-13,Mike Taylor,M,S,22,Água Santa,2,Chef de cozinha
1969-03-17,Michelle Castillo,M,N,33,Ramos,1,Digital influencer
1952-09-19,Stephanie Collier,F,S,69,Jacaré,4,Cabeleireiro
1957-12-25,April Gray,F,S,75,Rio Comprido,4,Bombeiro
1969-08-19,Alexander Ortega,F,N,41,Cidade de Deus,3,Enfermeiro
1949-12-21,Mary Moore,F,S,36,Saúde,4,Personal trainer
1949-10-30,Trevor Riley,F,N,53,Olaria,5,Professor
1987-08-02,Amy Howe,M,N,26,Jacaré,7,Dentista
1992-10-06,Jessica Matthews,M,S,49,Lins de Vasconcelos,2,Cabeleireiro
1964-05-19,Selena Figueroa,M,N,48,Grajaú,3,Dentista
1990-04-04,Karen Morgan,M,S,30,Grajaú,7,Médico
1985-12-29,Victoria Walton,M,S,55,Ramos,3,Auxiliar de serviços gerais
1958-02-20,Heather Hunter,F,N,53,Vaz Lobo,3,Estagiário
1977-06-14,George Adams,M,N,48,Guadalupe,3,Cabeleireiro
1989-06-03,Roy Cooke,F,N,21,Pedra de Guaratiba,4,Dentista
1990-02-08,Kimberly Jones,M,N,30,Pavuna,3,Gerente de banco
2005-05-22,David Collins,F,N,24,Complexo do Alemão,6,Arquiteto
1963-08-06,Randall Carlson,F,S,18,Praia da Bandeira,5,Cientista
2005-11-09,Michael Baker,M,N,59,Jardim Carioca,5,Digital influencer
1952-01-02,Christian Wu,F,S,47,Praça da Bandeira,1,Motorista
2001-07-17,Kim Garrett,M,N,46,Jardim Guanabara,3,Cabeleireiro
1955-12-24,Miss Alexandria Fisher MD,M,N,70,Jardim Carioca,5,Chef de cozinha
1950-11-25,Michael White,M,S,33,Jacarezinho,4,Estagiário
1960-02-05,Logan Anderson,M,S,36,Tijuca,7,Cantor
1952-01-12,Francis Nichols,M,N,53,Engenho da Rainha,5,Mecânico Automotivo
1967-02-04,Shannon Jordan,M,S,31,Cidade Nova,6,Segurança
1996-04-26,Curtis Moore,F,S,63,Cachambi,7,Enfermeiro
1990-05-20,Brittany Graham,F,S,24,Vigário Geral,1,Cantor
1990-10-01,Darius Hoffman,M,N,31,Jardim Sulacap,6,Mecânico Automotivo
1975-05-28,Sean Manning,M,S,48,Vicente de Carvalho,2,Auxiliar de serviços gerais
2004-01-02,Steven Simmons,F,S,63,Andaraí,6,Cientista
1986-08-31,Michelle Harris,M,N,60,Cidade Nova,5,Encanador
1997-02-24,Justin Evans,F,S,72,Cidade Universitária,4,Publicitário
1980-09-01,Alicia Galloway,M,N,61,Galeão,2,Médico
1963-06-30,Holly Martin,F,S,50,Alto da Boa Vista,2,Químico
1968-12-23,Kevin Morris,M,N,63,Cosmos,6,Químico
1959-05-10,Sharon Perez,F,N,30,Penha,1,Dentista
1955-06-05,Pedro Stewart,F,S,79,Cacuia,7,Publicitário
1951-10-17,Cindy Hernandez DDS,M,S,73,Pechincha,1,Gerente de banco
1950-10-25,Joseph Barr,M,N,56,Olaria,5,Policial
1987-06-16,Jeremy Elliott,F,S,50,Tomás Coelho,1,Motorista
1962-11-07,Donald Swanson,F,S,63,São Francisco Xavier,7,Encanador
1998-10-12,Julia Rodriguez,M,N,57,Vicente de Carvalho,2,Ator
1969-11-06,Patrick Levine,F,N,75,Senador Vasconcelos,4,Estagiário
2002-05-21,Pamela Palmer,M,S,54,Lins de Vasconcelos,1,Dentista
1991-07-03,Katherine Silva,M,S,25,Coelho Neto,3,Pedreiro
1961-12-28,Randall Cross,F,N,30,Turiaçu,3,Advogado
1950-04-06,Kimberly Cameron,F,N,68,Vila Isabel,6,Engenheiro
2006-08-23,Emily Richards,F,N,73,Tanque,4,Digital influencer
1990-09-02,Tanner Perry,M,S,74,Jardim Carioca,1,Chef de cozinha
1970-11-23,Nicole Jones,F,S,59,Caju,5,Ator
1994-12-08,Rachel Wood,M,N,28,Santa Cruz,3,Químico
1982-07-26,Carla Underwood,M,N,40,Cosmos,2,Advogado
1957-01-30,Jason Moore,M,S,79,Andaraí,5,Publicitário
2002-03-23,Julian Lewis,F,S,74,Praça da Bandeira,2,Eletricista
1964-06-28,Jamie Price,F,N,67,São Conrado,5,Cientista
2003-05-04,Mark Waters,M,N,19,Rocha Miranda,5,Ator
1971-12-17,Julia Miller,M,S,70,Vista Alegre,3,Publicitário
1966-06-13,Andrew Diaz,F,N,44,Coelho Neto,4,Dentista
1988-11-29,Daniel Thompson,F,S,47,Parque Anchieta,4,Digital influencer
1972-10-21,Andrew Miller,F,N,31,Costa Barros,6,Motorista
1975-08-16,Juan White,M,N,32,Água Santa,2,Personal trainer
1992-08-28,Michael Hutchinson,M,N,20,Leme,7,Pedreiro
2002-09-30,Michael Klein,F,N,53,Sampaio,6,Chef de cozinha
1951-05-23,David Clark,M,S,49,Gardênia Azul,1,Estagiário
1966-07-31,Derek Carter,M,S,59,Senador Vasconcelos,5,Cabeleireiro
1958-11-03,Christian Johnston,F,S,42,Maré,3,Professor
1974-12-01,Kenneth Smith,F,S,65,Cascadura,4,Bombeiro
1976-11-05,Riley Burgess,F,N,44,Bancários,4,Advogado
1987-09-21,Karen Gibbs,F,S,54,Penha,2,Cabeleireiro
1961-08-02,Phillip Smith,F,N,22,Lins de Vasconcelos,7,Engenheiro
1949-01-08,Bobby Green,M,N,27,Manguinhos,5,Encanador
1954-12-10,Heather Ray,M,S,38,Mangueira,5,Cientista
1957-08-29,Michael Phillips,F,N,33,Cidade Nova,5,Arquiteto
1972-01-12,Samantha Harper,M,N,20,Tomás Coelho,5,Arquiteto
1978-06-08,Jeffrey Santos,F,S,38,Laranjeiras,1,Policial
1988-08-20,Michael Reynolds,M,S,70,Guaratiba,7,Chef de cozinha
1985-08-01,Richard Williams,M,S,37,Realengo,7,Digital influencer
1975-10-29,Michele Jenkins,F,S,26,Marechal Hermes,2,Entregador
1961-04-14,Donald Guerra II,F,N,34,Leblon,3,Gerente de banco
1972-03-06,Joshua Wells,M,S,21,Jacaré,2,Gerente de banco
1981-11-07,Megan Wheeler,M,S,67,Ricardo de Albuquerque,1,Digital influencer
1953-03-09,Devon Johnson,M,N,30,São Francisco Xavier,3,Engenheiro
1950-05-02,Kristen Thompson,F,N,62,São Francisco Xavier,2,Enfermeiro
1961-04-13,Raymond Rodriguez IV,F,S,37,Cidade de Deus,3,Entregador
1989-09-06,Bianca Miller,F,N,25,Turiaçu,3,Enfermeiro
1988-11-25,Mr. Joseph Silva,F,N,80,Paquetá,3,Ator
1971-05-24,John Smith,F,N,76,Ricardo de Albuquerque,7,Arquiteto
1959-05-22,Richard Jackson,M,S,50,Colégio,3,Gerente de banco
1962-08-29,Ethan Henson,M,N,52,Bonsucesso,1,Eletricista
1955-02-12,John Watkins,M,N,69,Méier,4,Entregador
1979-08-14,Eric Jones,F,S,75,Gamboa,1,Ator
1994-06-12,Victoria Valencia,M,N,46,Sampaio,4,Encanador
1993-01-23,Randall Peterson,F,S,59,Cordovil,4,Funcionário público
1963-04-26,Sandra Parks,M,S,75,Gardênia Azul,4,Eletricista
1961-12-21,Brian Robbins,M,S,25,Tauá,1,Eletricista
2004-06-15,Sharon Watson,M,S,52,Inhaúma,7,Entregador
1956-11-20,Michael Foster,F,N,23,Recreio dos Bandeirantes,2,Médico
1980-07-09,Nancy Scott,F,N,18,Caju,6,Pedreiro
1986-07-15,Gary Cook,F,S,56,Vista Alegre,3,Cabeleireiro
1972-10-25,Megan Mcguire,M,N,25,Cavalcanti,2,Ator
1981-11-11,Daniel Kelley,M,S,36,Senador Camará,6,Estagiário
1994-09-28,Ricardo Lewis,M,S,43,Magalhães Bastos,4,Publicitário
1955-01-27,Nicole Harmon,M,S,32,Tijuca,3,Engenheiro
1960-10-24,Dr. Angela Johnson,F,N,80,Barra da Tijuca,6,Segurança
1951-12-09,Jeremy Tyler,M,S,71,Vidigal,7,Eletricista
2002-01-04,Amy Garza,F,N,44,Tauá,4,Chef de cozinha
1955-05-05,Robert Payne,M,S,66,Jardim Carioca,6,Bombeiro
1963-05-23,Jonathan Lopez,M,S,55,Parada de Lucas,4,Enfermeiro
1994-08-01,Thomas Hall,F,S,65,Encantado,1,Gerente de banco
1976-09-29,Thomas Lane,M,S,71,Coelho Neto,7,Bombeiro
1983-03-03,Jose Walker,F,S,51,Alto da Boa Vista,3,Publicitário
1977-01-26,Matthew Wright,F,N,34,Encantado,4,Gerente de banco
1951-08-11,Heather Woodard,M,N,62,Bancários,5,Auxiliar de serviços gerais
1990-03-19,Sara Ingram,M,S,59,Grajaú,5,Advogado
1963-05-30,Jennifer Patterson,F,N,21,Jardim Carioca,4,Químico
1980-02-17,Justin Underwood,M,S,26,Vidigal,4,Bombeiro
1992-01-07,Sean Bond,M,N,72,Campinho,1,Eletricista
1989-05-28,Brenda Grant,M,N,80,Jardim América,7,Arquiteto
1988-06-09,Lindsey George,F,N,78,Jacarepaguá,5,Motorista
1962-04-02,Scott Gomez,F,N,43,Pilares,3,Cientista
1990-02-27,Joanna Johnson,M,N,21,Paciência,5,Médico
1969-04-16,Robert Davidson,M,S,55,Jacarepaguá,7,Advogado
1961-01-01,Gary Nichols,M,S,27,Encantado,5,Policial
1963-12-07,James Martin,M,N,32,Benfica,3,Gerente de banco
1983-01-06,Jacob Stokes,F,S,28,Cosmos,3,Bombeiro
1974-12-22,Douglas Robbins,M,N,36,Lins de Vasconcelos,7,Dentista
1965-12-02,David Ortiz,M,S,44,Alto da Boa Vista,1,Dentista
1989-09-27,David Anderson,F,N,67,Engenho de Dentro,7,Químico
1994-07-27,Leslie Galvan,F,S,54,Recreio dos Bandeirantes,1,Entregador
1982-08-17,Shannon Morrow,F,S,57,Santo Cristo,4,Estagiário
1979-07-08,Marc Terry,F,S,42,Rocha,4,Arquiteto
1998-05-20,Michael Dunn,M,N,66,Jacaré,5,Pedreiro
1970-06-29,Jason Mercer,M,N,29,Gamboa,5,Químico
1978-04-04,Misty Johnson,F,N,36,Jacaré,2,Policial
1973-02-14,Erin Erickson DDS,F,S,28,Jardim América,3,Cientista
1957-12-07,April Monroe,M,N,63,Urca,6,Cientista
2001-03-15,Ricky Henderson,M,S,57,Alto da Boa Vista,6,Eletricista
2005-05-17,Kevin Frost,F,S,61,Inhaúma,7,Engenheiro
1974-06-02,Mason Peters,M,N,18,Urca,2,Gerente de banco
1971-07-03,Anthony Mclaughlin,M,N,62,Jardim Botânico,3,Engenheiro
1966-11-28,Alicia Carr,F,S,59,Taquara,6,Enfermeiro
1987-11-04,John Alexander,M,S,33,Moneró,5,Ator
2004-02-04,Tracey Oconnor,M,N,79,Madureira,7,Digital influencer
1962-10-16,Jacob Wood,M,N,48,Catumbi,4,Enfermeiro
1956-05-23,Theresa Gonzalez,M,N,53,Maria da Graça,7,Gerente de banco
1957-07-25,Jane Mcfarland,M,N,19,Cascadura,4,Gerente de banco
1974-03-18,Carl Scott,F,N,38,Sampaio,1,Eletricista
2004-02-15,Thomas Perez,M,N,47,Vargem Grande,7,Gerente de banco
1989-04-16,William Turner,F,S,77,Grajaú,5,Professor
1953-11-18,Gregory Mercer,M,S,56,Colégio,7,Pedreiro
1976-06-14,Joshua Green,F,S,77,São Francisco Xavier,7,Digital influencer
1963-10-25,Gregory Bond,M,N,19,São Francisco Xavier,6,Enfermeiro
1995-03-05,Aaron Murray,F,N,37,Guaratiba,6,Engenheiro
1969-01-19,Lisa Brady,M,S,63,Abolição,6,Segurança
1971-06-26,Mark Acevedo,M,N,46,Sepetiba,7,Arquiteto
1951-12-18,Margaret Stewart,F,S,40,Anchieta,2,Chef de cozinha
1977-03-15,Dustin Shaw,M,S,38,Pavuna,1,Chef de cozinha
1987-01-13,Amy Graves,F,S,35,Tomás Coelho,5,Arquiteto
1967-10-14,Charles Thomas,M,N,69,Laranjeiras,7,Estagiário
1992-12-14,Daniel Patton,M,N,71,Zumbi,2,Bombeiro
1982-09-11,Craig Clark,F,N,71,Del Castilho,7,Segurança
1953-07-16,April Long,F,N,42,Barros Filho,6,Gerente de banco
1951-07-26,Edgar Porter,F,S,24,Jardim Botânico,5,Digital influencer
1961-04-02,Grant Mendoza,M,S,43,Del Castilho,1,Chef de cozinha
1965-11-11,Ann Smith,F,N,64,Itanhangá,7,Eletricista
1953-04-04,Christy Thomas,M,N,71,Complexo do Alemão,7,Cabeleireiro
1957-05-08,Adam Garcia,F,S,21,Tijuca,2,Arquiteto
1963-02-12,William Edwards,M,N,65,Vila Militar,3,Digital influencer
1958-09-21,Carl Young PhD,F,N,37,Cidade de Deus,2,Eletricista
2004-10-20,Colleen Roman,F,N,51,Penha Circular,2,Segurança
1959-12-15,Brandon Powell,M,N,67,Deodoro,1,Arquiteto
1965-02-19,Jessica Bowman,M,N,62,Barra da Tijuca,3,Pedreiro
1962-08-14,Brent Nielsen,M,S,65,Bonsucesso,3,Chef de cozinha
1970-01-17,Matthew Powers,M,S,35,Honório Gurgel,1,Motorista
1996-05-15,Mrs. Jennifer Thomas,F,S,28,Maracanã,5,Funcionário público
1989-05-23,Chase Bentley,F,S,54,Paciência,7,Publicitário
1998-06-19,Jenny Brown,F,S,42,Jacarezinho,6,Personal trainer
1999-08-01,Aimee Rowe,F,N,31,Bangu,7,Arquiteto
1950-08-25,Christopher Baker,M,N,40,Coelho Neto,2,Chef de cozinha
1960-11-22,Erica Sharp,F,S,73,Jardim Carioca,4,Ator
1962-05-02,Howard Marshall,M,N,79,Sampaio,2,Arquiteto
1953-06-05,Raymond Heath,M,N,55,Engenho Novo,7,Ator
1992-08-26,Tammy Terry,F,N,49,Rocha,1,Estagiário
1965-03-11,Joshua Ross,F,N,42,Jacaré,5,Motorista
1949-09-27,Jennifer Browning,M,N,41,Honório Gurgel,5,Dentista
1985-05-18,Mary Rogers,F,S,68,Padre Miguel,5,Enfermeiro
1962-11-09,Molly Clark,M,S,80,Santo Cristo,7,Cantor
1967-02-22,Elizabeth Carr,F,N,63,Caju,2,Bombeiro
2001-10-23,Tracy Adams,F,N,44,Bento Ribeiro,6,Auxiliar de serviços gerais
1978-03-15,Austin Moreno,M,N,77,Anil,1,Policial
1995-05-31,Peter Mccormick,M,N,19,Botafogo,2,Bombeiro
1970-03-21,Ruth Mitchell,F,N,41,Santa Teresa,1,Funcionário público
1992-03-16,Lisa Dixon,M,S,78,Guaratiba,5,Auxiliar de serviços gerais
1979-10-19,Crystal Gomez,F,N,48,Cosmos,2,Entregador
2004-12-21,Dale Stewart,M,S,35,Parque Anchieta,4,Arquiteto
1958-06-03,Luis White,F,N,70,Jacarepaguá,6,Professor
1966-09-08,Richard Valdez,M,S,21,Bancários,6,Médico
1986-03-02,Melissa Burton,F,S,25,Grajaú,7,Cientista
1951-02-18,Kyle Bishop,F,S,63,Vila Kosmos,7,Químico
1975-11-15,Patrick Smith,M,S,61,Vista Alegre,4,Advogado
1997-02-15,Deanna Stephens,F,S,68,Piedade,7,Personal trainer
1959-07-03,Carolyn Knight,M,S,32,Lagoa,4,Ator
1992-04-02,Amber Dunn,M,S,33,Realengo,1,Arquiteto
1953-09-13,Alexander Tran,F,N,69,Santa Teresa,2,Cantor
1965-06-04,Ashley Callahan,F,N,45,Rio Comprido,1,Enfermeiro
1957-05-18,Alexander Davenport,F,N,21,Maré,3,Gerente de banco
1980-09-13,Regina Daniel,M,N,41,Bancários,4,Químico
2004-01-27,Carol Martin,M,S,80,Humaitá,3,Pedreiro
1964-02-27,Mr. Justin Bailey,M,S,73,Guadalupe,6,Encanador
1984-02-20,Samuel Weaver,M,S,39,Irajá,3,Arquiteto
1977-04-25,Deborah Lang,F,S,65,Cidade Nova,7,Cientista
1981-12-31,Hector Rodriguez,F,N,47,Jacarepaguá,7,Digital influencer
2001-11-14,Whitney Gonzalez,M,S,43,Sepetiba,5,Motorista
2004-10-14,Breanna Moore,M,N,60,Maré,2,Arquiteto
1970-08-12,Christopher Gonzalez,F,S,36,Caju,7,Chef de cozinha
1953-03-23,Mr. David Nunez,M,S,46,Centro,1,Funcionário público
1980-07-16,Anna Flores,M,S,71,Moneró,6,Cantor
1959-06-17,Jesus Farley,M,N,22,Del Castilho,3,Segurança
1976-09-19,Brittany Hubbard,F,N,41,Pavuna,3,Digital influencer
1951-05-07,Joshua Powell,F,N,39,Engenho Novo,2,Médico
1984-03-20,James Smith,F,N,40,Tijuca,5,Cientista
1996-07-09,Sherry Garcia,F,N,32,Cidade Universitária,1,Auxiliar de serviços gerais
1981-01-31,Amanda Hogan,M,N,54,Campo Grande,2,Professor
1996-09-06,Patricia Williams,M,S,27,Moneró,6,Policial
1992-04-01,Lindsay Jackson,F,S,74,Humaitá,2,Chef de cozinha
2003-11-24,Christine Fuentes,F,N,78,Vila Isabel,4,Estagiário
1956-09-18,Abigail Morales MD,M,S,28,Todos os Santos,4,Cabeleireiro
1983-10-05,Jeffrey Anderson,F,N,49,Lapa,7,Advogado
1970-04-29,Matthew Lopez,F,N,54,Brás de Pina,5,Eletricista
1997-12-24,Michelle Long,F,S,42,Vicente de Carvalho,1,Químico
1967-07-06,Emma Bryant,M,S,53,Complexo do Alemão,6,Publicitário
1999-09-17,Megan Martinez,F,S,38,Tomás Coelho,3,Médico
1962-01-07,Linda Taylor,M,N,71,Cidade Nova,6,Encanador
1986-06-15,Shannon Campbell,F,N,72,Gávea,3,Pedreiro
1980-06-29,Blake Burnett,F,S,31,Vila Kennedy,7,Cantor
2002-07-25,Steven Silva,F,S,27,Deodoro,6,Auxiliar de serviços gerais
1985-09-15,Mario Zhang,F,N,32,Todos os Santos,1,Cantor
1967-07-14,Joseph Lucas,F,S,64,Vidigal,3,Professor
1959-02-27,Christina Nguyen,M,N,36,Centro,3,Químico
1974-02-06,Steven Nelson,F,N,60,Cascadura,7,Digital influencer
1992-11-12,Ashley Campbell,M,N,45,Cachambi,2,Entregador
1961-03-25,Daniel Carlson,M,N,58,Vila Kosmos,5,Cientista
1977-08-16,William Kelly,M,N,52,Senador Camará,3,Publicitário
1990-10-02,Amber Lee,F,S,70,Encantado,6,Ator
1967-10-16,Teresa Neal,M,N,30,Curicica,1,Eletricista
1990-06-28,Maria Wilcox,M,N,57,Oswaldo Cruz,2,Arquiteto
1961-12-19,James King,F,N,52,Urca,4,Chef de cozinha
1965-07-31,Brandy Hardy,M,S,46,Estácio,2,Cantor
1999-02-28,Chase Floyd,M,N,51,Vila Militar,1,Auxiliar de serviços gerais
1986-11-29,Jean Le,F,N,43,Gericinó,4,Mecânico Automotivo
1983-11-15,Christopher Dorsey,F,S,78,São Francisco Xavier,2,Químico
1952-01-20,Natalie Farmer,M,N,67,Alto da Boa Vista,1,Bombeiro
2002-11-18,Maria Moore,M,N,45,Cachambi,3,Pedreiro
1969-12-09,Dana Lopez,F,S,42,Itanhangá,5,Personal trainer
1961-08-31,Susan Jones,F,N,68,Campo Grande,3,Policial
1966-08-06,Kerry Burch,F,S,58,Gamboa,6,Engenheiro
1996-03-10,Kathleen Roy,F,S,34,Pilares,7,Mecânico Automotivo
1994-03-18,James Walsh,M,S,37,Recreio dos Bandeirantes,6,Engenheiro
1952-07-03,Jason Schmitt,F,N,30,Água Santa,3,Ator
2002-12-19,Edward Frye,M,S,69,Costa Barros,7,Cabeleireiro
1956-09-07,Monica Williams,F,N,60,Todos os Santos,5,Cantor
1975-03-23,Matthew Nicholson,F,S,36,Vicente de Carvalho,4,Policial
1993-12-17,Kyle Cherry,F,S,79,Del Castilho,3,Bombeiro
1955-12-09,Stephanie Rose,M,N,28,Flamengo,5,Dentista
1980-06-28,Jasmin Mcclain,F,N,41,Santíssimo,5,Arquiteto
1969-08-22,Angela Ayers,M,S,56,Itanhangá,3,Policial
1963-03-06,Dakota Nguyen,M,S,24,São Cristóvão,1,Personal trainer
1996-04-25,Steven Schmidt,F,S,41,Vila Kosmos,3,Advogado
1962-03-13,James Watson,F,S,76,Grajaú,2,Auxiliar de serviços gerais
1964-08-20,Dawn Harris,F,N,45,Campinho,1,Chef de cozinha
2002-04-29,Connor Duncan,F,N,48,Vargem Pequena,6,Gerente de banco
1954-11-27,Natalie Alexander,F,N,38,Zumbi,2,Policial
1958-08-05,Jessica Wall,F,N,55,Centro,4,Personal trainer
1966-12-25,Rebecca Morales,M,S,61,Del Castilho,6,Cientista
1977-11-08,Alexander Jones,F,N,41,Engenho de Dentro,7,Enfermeiro
1994-01-23,Alexis Nelson,F,N,38,Penha,7,Chef de cozinha
1979-11-12,Linda Taylor,F,S,53,Acari,4,Chef de cozinha
1983-07-29,Carol Williams,M,S,70,Turiaçu,5,Arquiteto
1994-11-05,Erika Case,M,S,27,Deodoro,7,Digital influencer
1998-02-14,Steven Howell,F,N,35,Santo Cristo,1,Digital influencer
1996-08-07,Sarah Wagner,M,N,25,Anchieta,5,Estagiário
1954-03-01,Taylor Martin DVM,F,N,48,Praia da Bandeira,2,Químico
1991-11-26,Tonya Barton,M,N,53,Vila da Penha,4,Eletricista
1997-02-16,Richard Pierce,M,S,72,Recreio dos Bandeirantes,5,Enfermeiro
1953-12-14,Lisa Carr,M,S,66,Ipanema,4,Arquiteto
1982-07-22,Christine Jones,M,N,39,Cascadura,6,Personal trainer
2000-03-27,Sarah Stewart,F,N,55,Engenho Novo,1,Cientista
1972-08-14,Mark Klein,F,S,36,Praia da Bandeira,5,Segurança
1992-03-16,Miss Katrina Morgan,M,N,39,Grumari,3,Dentista
1952-08-31,Rebecca Hahn,M,S,79,Jardim Guanabara,7,Personal trainer
2001-11-22,Amy Pugh,M,N,66,Anchieta,5,Chef de cozinha
1969-04-21,Austin Mason,F,S,34,Pitangueiras,2,Motorista
1956-09-06,Ricky Carr,M,N,25,Recreio dos Bandeirantes,4,Professor
1955-10-01,Andrew Rodriguez,F,N,36,Cidade de Deus,5,Segurança
1988-04-10,Dennis Harmon,M,S,18,Jacarezinho,6,Ator
1980-12-09,Lisa Pugh,M,S,78,Benfica,1,Funcionário público
2004-12-29,Courtney Bowman,M,N,78,Grumari,4,Digital influencer
1953-03-30,Duane Hayes,M,S,30,Ramos,1,Engenheiro
1960-02-26,John Hayes,F,N,32,Engenho da Rainha,1,Funcionário público
1987-03-01,Terry Banks,F,S,44,São Cristóvão,3,Gerente de banco
2002-05-16,Kristen Howe,F,N,49,Lagoa,3,Cabeleireiro
1970-01-22,Maria Mcdonald,F,S,22,Jacaré,6,Enfermeiro
1996-02-09,Natalie Stephenson,M,S,63,Parque Colúmbia,7,Entregador
1978-08-17,Natalie Jackson,M,N,61,Vaz Lobo,5,Personal trainer
1963-03-05,Julie Baxter,M,S,54,Vila Isabel,6,Pedreiro
2004-07-30,David Erickson,M,S,69,Humaitá,6,Mecânico Automotivo
1958-04-24,Kendra Jones,M,S,52,Pavuna,7,Cabeleireiro
1961-05-17,Frances Thomas,F,S,32,Laranjeiras,5,Estagiário
1983-02-28,Adrienne Mills,F,S,49,Pitangueiras,2,Policial
1955-06-23,Deborah Frederick,M,N,80,Portuguesa,2,Advogado
1978-01-20,Brandi Harris,M,N,54,Riachuelo,2,Chef de cozinha
1983-12-15,Brenda Haas,M,S,32,Sampaio,2,Segurança
1985-12-28,Paul Oneal,F,N,78,Piedade,5,Mecânico Automotivo
1993-11-14,Martin Sanchez,M,N,29,Jardim Sulacap,4,Encanador
1953-03-29,Megan Copeland,F,S,33,Jacarepaguá,4,Gerente de banco
1999-08-23,Brandon Mckinney,F,N,68,Senador Vasconcelos,2,Funcionário público
1966-03-02,Jared Morales,M,S,56,Engenho Novo,3,Engenheiro
1973-12-03,Brian Taylor,F,N,75,Jardim Sulacap,1,Publicitário
1984-01-25,Pedro Evans,M,N,66,Jardim Carioca,4,Engenheiro
1985-02-12,Melissa Paul,M,N,43,Vidigal,5,Cantor
1982-04-04,Emily Palmer,M,S,56,Senador Vasconcelos,3,Eletricista
2002-11-26,Tina Wong,F,N,43,Pitangueiras,2,Arquiteto
1957-01-16,Victoria Montgomery,M,N,33,Itanhangá,7,Arquiteto
1988-09-20,Keith Woods,F,N,56,Parque Anchieta,1,Advogado
2003-04-28,Thomas Smith,M,N,55,Deodoro,2,Arquiteto
1989-07-12,Scott Black,M,N,59,Vila Kennedy,1,Arquiteto
1968-10-31,Robert Lee,F,S,49,Mangueira,4,Mecânico Automotivo
1991-06-03,Melinda Mcdonald,M,S,59,Tomás Coelho,5,Dentista
1976-07-05,Jeffrey Terrell,F,N,60,Ricardo de Albuquerque,7,Ator
1949-10-07,Matthew Bush,M,N,44,Engenho da Rainha,6,Arquiteto
2005-10-19,Lauren Todd,F,S,77,Tomás Coelho,4,Pedreiro
1993-12-01,Jose Larson,F,N,42,Rocha,6,Ator
1981-04-25,Sandra Molina,F,S,68,Bonsucesso,3,Digital influencer
1962-09-25,Elizabeth Johnson DVM,F,S,65,Anil,2,Químico
1960-12-02,Kimberly Ray,M,S,29,Anil,4,Publicitário
1949-04-30,Blake Huber,F,S,21,Sepetiba,1,Bombeiro
1994-12-09,Diana Estrada,M,S,56,Oswaldo Cruz,2,Pedreiro
1970-12-12,Cristian Solomon,M,N,70,Pavuna,3,Motorista
1977-08-17,Eugene Bowman,M,N,38,Freguesia,4,Estagiário
1974-08-22,Tonya Munoz,M,S,39,Vila Kosmos,4,Arquiteto
1993-07-08,Kristi Allen,M,N,61,Curicica,7,Professor
1955-01-18,Robert Robertson,M,N,20,Parada de Lucas,3,Cientista
1995-09-08,Timothy Flores,F,S,19,Rocha,6,Pedreiro
1963-02-13,Jodi Mendoza,F,S,37,Ribeira,3,Estagiário
2001-09-29,David Martin,M,N,40,Cidade Universitária,7,Cientista
1949-04-10,David Tyler,M,S,25,Pechincha,6,Arquiteto
1973-05-05,Gloria Meyer,F,S,55,Sampaio,6,Encanador
1988-01-03,David Mclaughlin,M,N,30,Santo Cristo,4,Ator
1965-06-24,Sean Phillips MD,F,N,28,Leblon,7,Pedreiro
1965-05-06,Karen Hoffman,M,N,68,Itanhangá,1,Motorista
1994-04-25,Alison Gallegos,M,S,72,Santíssimo,2,Mecânico Automotivo
1959-12-21,Rhonda Gardner,F,S,18,Encantado,5,Publicitário
1977-03-05,Patrick Mora,F,S,35,Guadalupe,3,Chef de cozinha
1969-06-28,Suzanne Lutz,M,S,53,Cidade de Deus,4,Segurança
1953-01-09,Mark Bowman,M,N,24,Barra da Tijuca,5,Cabeleireiro
1985-06-11,Donald Brown,F,N,35,Vigário Geral,1,Entregador
2005-12-03,Matthew Jones,F,N,61,Cosmos,2,Entregador
1966-10-16,Dustin Carr,F,S,21,Flamengo,1,Químico
1965-01-15,April James,M,S,54,Gávea,7,Arquiteto
1963-03-04,Justin Potter,F,N,47,Pedra de Guaratiba,5,Advogado
1993-12-18,Cynthia Stark,F,S,36,Gamboa,4,Chef de cozinha
1953-02-12,Jonathan Barry,M,S,74,Humaitá,6,Funcionário público
1990-06-17,Kayla Smith,F,S,32,Urca,3,Personal trainer
2001-08-23,Richard Payne,M,S,61,Joá,2,Estagiário
1975-07-07,Alan Randall,F,S,55,Vila Isabel,6,Cabeleireiro
1981-10-24,Michael Mack,M,N,19,Saúde,7,Encanador
1982-05-25,Shannon Perez,M,N,30,Cachambi,1,Funcionário público
2002-05-11,Randy Ali,F,S,53,Costa Barros,2,Encanador
2004-05-20,Yolanda Stokes,M,S,38,São Francisco Xavier,2,Auxiliar de serviços gerais
1951-12-16,Anthony Lee,M,S,36,Lapa,6,Cantor
1987-06-21,Samantha Ramirez,M,S,32,Benfica,7,Encanador
1964-12-03,Karen Fuller,F,S,49,Maré,4,Estagiário
1987-04-25,Stephen Green DDS,M,S,20,Santa Cruz,1,Publicitário
1962-11-16,Jessica Joyce PhD,F,N,35,Barra de Guaratiba,5,Segurança
2005-03-08,Michelle Price,F,N,21,Campo Grande,2,Digital influencer
1967-02-27,Craig Peterson,F,N,35,Rocinha,1,Cientista
1984-12-09,Lauren Owen,M,N,65,Rocinha,1,Estagiário
1990-04-21,Jennifer Carter,M,N,50,Vila Isabel,7,Personal trainer
1996-09-20,Kathryn Mccarthy,M,S,54,Jardim Sulacap,2,Químico
1985-05-31,Maria Miller,M,S,32,Penha Circular,4,Químico
1992-05-25,Lindsay Mckay,F,S,48,Cachambi,7,Funcionário público
2003-11-02,Megan Simmons,F,S,26,Mangueira,5,Encanador
1970-03-07,Mark Patterson,M,N,26,Jardim Guanabara,7,Cientista
1987-08-07,Tina Benton,M,S,71,Parque Colúmbia,4,Médico
1972-09-10,Peter Russo,M,S,43,Gávea,2,Bombeiro
1987-11-11,Nathan Wilson,F,S,70,Grumari,5,Gerente de banco
1957-06-12,Alexa Barnett,M,N,25,Recreio dos Bandeirantes,1,Enfermeiro
1996-06-17,Tanya Romero,F,N,62,Olaria,2,Advogado
1970-06-27,Amanda Schultz,F,S,19,Leblon,5,Publicitário
1979-05-04,Amy Lyons,F,S,57,Oswaldo Cruz,7,Estagiário
1995-05-28,Ronald Rasmussen,F,N,60,Quintino Bocaiuva,1,Cientista
2006-07-31,Roy Valencia,M,N,67,Engenho Novo,2,Engenheiro
1980-08-05,Nancy Burgess,M,S,75,Humaitá,7,Segurança
1996-12-08,Sean Gray,F,N,24,Jacarezinho,1,Ator
1953-08-08,Kevin Jones,F,S,67,Bonsucesso,1,Cantor
1984-12-04,Shirley Stevenson,F,S,46,Maracanã,5,Digital influencer
1986-05-10,Jessica Howard,M,S,44,Vila Militar,6,Policial
2006-02-25,Carl Lee,F,N,19,Vila Isabel,3,Enfermeiro
1956-04-17,Ronald Larsen,F,S,46,Penha Circular,7,Cabeleireiro
1956-01-09,Gregory Bradley,M,S,65,Santo Cristo,1,Eletricista
1968-06-22,Steve Hampton,F,N,21,Praça Seca,3,Segurança
1996-07-29,Beth Lowe,F,S,33,Manguinhos,4,Arquiteto
1964-04-21,Aimee Dyer,M,N,43,Rocha Miranda,1,Gerente de banco
2002-06-23,Tamara Barnes,F,S,20,Benfica,4,Ator
1997-11-01,Joshua Warner,M,N,29,Riachuelo,4,Arquiteto
1996-12-15,Christopher Walker,M,N,41,Méier,6,Cantor
1990-10-11,Joshua Dougherty,M,S,70,Tijuca,3,Bombeiro
1960-03-10,William Gates MD,M,S,75,Riachuelo,6,Segurança
1982-06-11,Calvin Munoz,M,S,36,Rio Comprido,4,Publicitário
1970-12-21,Amanda Mason MD,F,N,39,Engenho de Dentro,2,Cantor
1974-02-20,Rhonda Vargas,M,S,69,Ribeira,1,Entregador
1963-11-22,Ashley Price,M,S,24,Cacuia,3,Mecânico Automotivo
1968-03-12,Raymond Moody,M,S,63,Honório Gurgel,7,Professor
1978-12-01,Jessica Rogers,M,N,79,Camorim,4,Advogado
1951-09-26,Noah Hernandez,M,N,50,Copacabana,7,Publicitário
1972-08-05,Ethan Hinton,M,N,67,Encantado,1,Químico
1990-09-29,Stephanie Griffin,F,N,80,Lapa,1,Digital influencer
1973-01-18,Laurie Andrews,F,S,69,Vila Isabel,1,Gerente de banco
1974-03-11,Phillip Newman,F,N,27,Pechincha,7,Entregador
1972-12-09,Samuel Phillips,M,N,31,Praça Seca,5,Segurança
1957-01-23,Sabrina Roberts,M,N,22,Cacuia,6,Digital influencer
1953-08-30,Jessica Allen,M,N,18,Cidade de Deus,3,Auxiliar de serviços gerais
1985-06-20,Monique Mccarthy,F,S,56,Centro,4,Publicitário
1974-12-21,Matthew Travis,M,S,69,Irajá,1,Digital influencer
1950-10-02,Daniel Rodgers,M,S,65,Rio Comprido,5,Digital influencer
1972-09-25,David Brown,F,N,70,Grajaú,4,Cantor
1984-04-11,Carl Walters,F,N,27,Galeão,3,Pedreiro
1979-08-10,Luis Reid,M,N,36,Del Castilho,4,Mecânico Automotivo
1961-07-13,Tiffany Williamson,F,N,35,Jacarepaguá,3,Médico
1991-06-25,James Beck,F,N,42,Irajá,2,Chef de cozinha
1958-11-02,Mary Dixon,M,S,46,Jardim América,4,Funcionário público
2000-04-06,Nicole Walker,F,N,70,Santíssimo,2,Funcionário público
1989-10-28,James Gray,F,N,25,Rocha Miranda,6,Químico
1969-03-28,Elizabeth Steele,F,S,18,Gávea,2,Engenheiro
1952-11-18,Barbara Bryant,M,S,68,Catete,1,Enfermeiro
1999-05-27,Matthew Moore,F,S,32,Jardim Botânico,5,Auxiliar de serviços gerais
1999-10-20,Christopher Thompson,F,N,44,Mangueira,1,Entregador
1952-02-06,Matthew Krause,F,S,70,Zumbi,4,Cientista
1999-08-14,Makayla Bishop,F,S,19,Tauá,6,Auxiliar de serviços gerais
1966-01-03,Clinton Levy,F,S,30,Rocinha,7,Professor
1970-10-08,Linda Martinez,M,N,33,Vila Valqueire,1,Policial
1966-05-09,Michael Young,F,S,42,Sepetiba,1,Engenheiro
1965-06-23,Devin Kim,M,S,62,Inhoaíba,6,Eletricista
1988-12-03,Karen Campbell,M,S,47,Maria da Graça,1,Cabeleireiro
1985-10-24,Jesus Gutierrez,M,S,67,Santa Teresa,5,Bombeiro
2004-12-30,Brent Parker,F,S,18,Glória,5,Policial
1960-09-11,Kyle Young,F,S,44,Santa Cruz,4,Arquiteto
1967-07-07,Chris Soto,M,S,54,Leblon,5,Arquiteto
1968-04-18,Lisa Pierce,M,S,79,Paciência,3,Policial
1956-03-23,Kerry Turner,F,N,44,Mangueira,2,Chef de cozinha
2003-01-14,Alexa Jones,M,S,42,Irajá,6,Dentista
1979-08-17,Brian Garrett,F,N,50,Gamboa,5,Encanador
1984-07-27,Kim Walker,F,S,51,Catumbi,7,Estagiário
2002-11-25,Lori Hernandez,M,S,32,Honório Gurgel,2,Cabeleireiro
2004-01-29,Jerry King,F,N,18,Vigário Geral,2,Segurança
1964-10-28,Taylor Oconnell,F,S,51,Copacabana,2,Arquiteto
1986-10-27,Frances Martinez,F,N,39,Moneró,6,Funcionário público
1958-01-20,Tony Curtis,F,S,30,Jacaré,2,Funcionário público
1973-11-07,Chris Logan,F,N,44,Santo Cristo,6,Estagiário
1982-12-06,Ashley Daniel,M,S,70,Cidade Universitária,4,Cabeleireiro
1962-02-07,Andrew Holt,M,N,66,São Conrado,4,Advogado
2000-07-09,Nicholas Maldonado,F,S,80,Ipanema,7,Advogado
1957-09-19,Jasmine Miller,F,S,33,Maracanã,7,Chef de cozinha
1982-10-24,Yesenia Daniels,M,N,80,Vila Valqueire,3,Engenheiro
1992-08-20,John Hernandez,F,N,42,Tauá,2,Arquiteto
1988-03-23,John Avila,M,N,39,Magalhães Bastos,4,Eletricista
1954-09-16,Catherine Miranda,M,S,64,Freguesia,7,Funcionário público
1953-09-24,Darren Freeman,F,N,39,Pilares,3,Cantor
1981-09-24,Christian Smith,F,S,26,Moneró,7,Professor
2005-02-11,Tiffany Ramirez,M,S,72,Cordovil,7,Pedreiro
1994-05-29,Stephanie Horn,F,S,22,Barros Filho,5,Funcionário público
1956-12-27,Bridget Pollard,F,S,76,Padre Miguel,5,Professor
1969-07-27,Deanna Adams,M,S,58,Quintino Bocaiuva,3,Cabeleireiro
1972-06-05,Shannon Huang,M,S,36,Madureira,5,Mecânico Automotivo
1957-01-16,Christina Strickland,M,N,56,São Cristóvão,3,Arquiteto
1978-12-06,Alyssa Hernandez,M,S,20,Honório Gurgel,6,Publicitário
1989-04-14,Joseph Thomas,F,N,51,Todos os Santos,5,Personal trainer
1974-07-20,Eric Jones,F,S,37,Acari,1,Pedreiro
1958-10-11,Nancy Salazar,F,S,75,Engenheiro Leal,5,Policial
1950-01-08,Dale Brown,F,S,38,Marechal Hermes,5,Chef de cozinha
1955-04-21,George Wu,M,N,55,Catete,5,Eletricista
1976-03-22,Lisa Garcia,F,S,39,Engenho de Dentro,3,Encanador
1971-05-05,Savannah Evans,F,N,50,Gardênia Azul,4,Médico
1964-11-18,David Lozano,M,S,28,Flamengo,7,Enfermeiro
1990-03-10,Jessica Poole,F,N,68,Guadalupe,2,Entregador
1955-05-31,Donna Miles,M,S,22,Água Santa,5,Chef de cozinha
1972-06-27,Gina Campbell,M,S,73,Magalhães Bastos,3,Arquiteto
1994-06-23,Michelle White,M,N,60,Vila Kennedy,2,Chef de cozinha
1956-11-21,Joseph Ramirez,M,S,32,São Conrado,7,Encanador
1992-01-14,Ashlee Coleman,F,N,67,Guaratiba,2,Mecânico Automotivo
1980-07-24,James Olson,F,N,59,Tanque,7,Cantor
1978-01-28,Donald Stokes,M,N,49,Tanque,1,Ator
1987-10-21,Hannah Hicks,M,N,36,Centro,6,Enfermeiro
1994-12-21,Tiffany Wade,M,N,32,Jardim Guanabara,1,Entregador
1987-09-14,Sean Stewart,F,N,61,Taquara,7,Dentista
1986-02-17,Richard Rogers,M,N,45,Parque Anchieta,5,Médico
1970-05-20,Jeremy Tucker,M,S,70,Zumbi,6,Chef de cozinha
1952-04-22,Jeffrey Johnson,M,S,33,Centro,4,Auxiliar de serviços gerais
1958-10-27,Ian Osborne,F,S,51,Mangueira,1,Funcionário público
1982-08-11,Anthony Carrillo,M,S,25,Bangu,2,Auxiliar de serviços gerais
1982-07-27,Jacob Johnson,F,S,63,Vidigal,4,Ator
1976-12-26,Juan Diaz,M,N,71,São Francisco Xavier,2,Auxiliar de serviços gerais
2000-11-13,Robert Smith,M,N,21,Gardênia Azul,7,Químico
1980-04-17,Wesley Garrett,F,S,20,Pilares,3,Motorista
1997-09-07,Matthew Campbell,M,N,65,Jacaré,2,Médico
1980-11-27,Dawn Clark,M,N,31,Todos os Santos,7,Policial
2005-08-03,Rachel Schultz,M,S,73,Riachuelo,4,Cantor
1971-11-23,Jill Hicks,F,S,47,Catete,1,Motorista
1998-08-15,David Drake,F,N,19,Santo Cristo,1,Policial
1950-08-06,Jeffrey Floyd,F,N,22,Pitangueiras,3,Ator
2005-12-06,John Costa,F,N,31,Curicica,2,Cantor
2005-07-29,Jennifer Singh,F,S,52,Sepetiba,4,Publicitário
1959-09-06,Collin Stone,F,N,38,Jacaré,1,Personal trainer
1996-06-13,Elizabeth Curry,F,S,63,Realengo,7,Professor
1949-04-22,Joshua Maldonado,M,S,61,Saúde,1,Advogado
1950-03-02,Steven Bowen,F,S,37,Gamboa,3,Entregador
1981-05-18,Paul Duffy,F,S,23,Vila Militar,5,Enfermeiro
1975-03-31,Charles King,M,S,30,Taquara,5,Arquiteto
2006-02-03,Susan Kirk,F,N,64,Oswaldo Cruz,4,Gerente de banco
1967-01-04,Scott Jensen,M,N,74,Piedade,7,Professor
2000-08-10,Sean Fleming,F,S,60,Grumari,2,Segurança
1988-07-14,Daniel James,F,S,19,Estácio,5,Arquiteto
1994-12-09,Roberto Johnson,M,N,31,Senador Camará,1,Médico
1954-05-28,Kevin Bradley,M,N,27,Vila Valqueire,7,Segurança
2003-04-06,Stanley Shepherd,M,N,67,Itanhangá,5,Policial
1991-05-06,Denise Ward,M,N,43,Rocha,6,Arquiteto
1995-07-12,Nicole Gardner,F,N,18,Coelho Neto,3,Bombeiro
1950-01-14,Ian Smith,M,N,78,Vila Valqueire,6,Advogado
1976-06-27,Alexis Ramos,F,S,77,Vigário Geral,1,Policial
1979-09-15,John Stewart,M,N,26,Catumbi,1,Bombeiro
1953-05-25,Amber Miller,F,S,45,Copacabana,7,Engenheiro
1972-01-12,Roger Martin,F,N,30,Cosme Velho,3,Ator
2000-11-04,Taylor Rodriguez,M,S,40,Complexo do Alemão,7,Dentista
1979-04-08,Caroline Simmons,F,S,50,Vista Alegre,5,Encanador
2005-06-20,Damon Mccoy,M,S,44,Manguinhos,3,Ator
1990-07-16,Cynthia Reed,F,S,55,Gardênia Azul,2,Segurança
1961-08-19,Mark Wall,F,S,23,Jardim América,1,Arquiteto
1968-06-23,Ronald James,F,N,65,Mangueira,2,Enfermeiro
1988-01-02,Jonathan Neal,F,S,42,Anil,1,Professor
1989-01-24,Mary Carter,M,N,52,Portuguesa,5,Cantor
1951-11-09,Sylvia Blake,F,S,34,Lagoa,6,Estagiário
1950-11-17,Christopher Baker,F,N,40,Cosmos,1,Eletricista
1953-09-20,Joshua Hodges,F,N,74,Parque Anchieta,4,Mecânico Automotivo
2000-09-03,Jennifer Peterson,M,N,69,Vila Militar,3,Auxiliar de serviços gerais
1964-09-10,Jade Wilson,F,N,52,Engenheiro Leal,4,Chef de cozinha
1978-11-24,Russell Morris,M,N,71,Freguesia,7,Bombeiro
1959-03-05,Jerry Jackson,F,N,39,Humaitá,4,Segurança
1992-12-25,Miranda Carr,F,N,56,Inhoaíba,4,Policial
2000-01-07,Leah Rios,M,S,80,Vila Kennedy,5,Chef de cozinha
1970-03-24,Ariana Mcbride,F,N,65,Engenho da Rainha,4,Professor
1974-11-12,Harold Robbins,F,S,19,Vicente de Carvalho,7,Funcionário público
1977-09-11,Nicholas Arellano,M,N,70,Santa Teresa,3,Policial
1972-03-29,Danielle Schultz,M,S,35,Del Castilho,5,Pedreiro
1974-10-13,Erika Richard,F,S,63,Taquara,6,Digital influencer
2005-06-26,Ronald Nichols,F,N,68,Andaraí,2,Arquiteto
1967-08-26,Alejandra Blake,F,N,59,Botafogo,3,Professor
2006-08-13,Adam Blackwell,M,N,22,Rocha,2,Cabeleireiro
1990-11-03,Sarah Anderson,F,S,55,Senador Camará,7,Arquiteto
1978-12-07,Deborah Hamilton,M,N,72,Tauá,6,Segurança
1988-11-24,Adrian Hooper,F,S,34,Gamboa,1,Professor
1953-04-08,Barbara Henderson,M,N,42,Vargem Pequena,3,Ator
1956-07-13,Gary Stein,F,S,34,Glória,1,Professor
2006-09-12,Jason Stevens,F,S,22,Tanque,2,Digital influencer
1997-10-29,Jennifer Chandler,M,S,54,Tijuca,3,Segurança
1955-03-10,Mrs. Melissa Schmitt,M,S,26,Tanque,1,Professor
1978-06-30,Luis Brown,F,N,21,Vila Valqueire,3,Advogado
1961-12-19,Diane Norris,F,N,67,Acari,7,Médico
1967-04-27,Daniel Lamb,F,S,67,Benfica,5,Policial
1994-06-17,Joseph Perez,M,S,80,Riachuelo,3,Encanador
1981-09-16,Beth Brown,F,N,78,Vila Kosmos,1,Cabeleireiro
2003-04-25,Sara Steele,M,S,57,Taquara,7,Enfermeiro
1998-08-18,Valerie Smith,M,N,48,Honório Gurgel,3,Estagiário
1987-05-18,Tanya Morton,M,N,29,Jardim Carioca,7,Cientista
1969-02-16,Jesse Hamilton,M,N,53,Humaitá,7,Eletricista
1968-05-14,Robert Lewis,F,S,35,Cavalcanti,7,Professor
1949-02-26,John Herrera,F,S,65,Jacaré,2,Policial
1970-09-01,Jessica Luna,F,S,31,Cacuia,6,Gerente de banco
1983-01-01,Kimberly Brown,F,N,61,Méier,6,Cabeleireiro
2006-01-28,John Stevens,F,S,27,Abolição,6,Químico
1955-03-30,Jennifer Anderson,M,S,72,Leme,3,Cabeleireiro
1984-10-19,Michael Kaiser,F,S,33,Bangu,6,Eletricista
1966-08-12,Shelia Collins,F,N,78,Estácio,6,Publicitário
1970-02-27,Charles Allen,F,S,64,Bento Ribeiro,3,Entregador
1979-06-09,Bryan Welch,F,S,56,Cordovil,3,Policial
1991-10-01,Danielle Fry,M,N,60,Pechincha,2,Cientista
1986-03-08,Laura Saunders,F,S,25,Praia da Bandeira,1,Segurança
1972-02-08,Frank Roberts,M,N,60,Engenho Novo,7,Digital influencer
1984-11-09,Christopher Brown,M,S,21,Vila Valqueire,6,Arquiteto
1996-11-19,Amanda Peck,M,N,68,Cidade Nova,6,Eletricista
1960-09-26,William Thomas,M,N,53,Centro,7,Cientista
1969-10-11,Eric Newton,F,N,32,Engenho de Dentro,3,Cantor
1962-08-06,Julie Bright,M,N,56,Anchieta,5,Estagiário
1949-07-02,Linda Peters,F,N,58,Pavuna,6,Segurança
1949-06-24,John Miller,M,N,26,Gamboa,3,Encanador
2001-10-23,Hailey Mclaughlin,M,N,57,Ipanema,4,Eletricista
1972-10-04,Zachary Stewart,M,N,50,Copacabana,2,Mecânico Automotivo
1963-10-19,Amy Ball,M,N,42,Galeão,7,Digital influencer
1968-08-05,Timothy Johnson,M,N,26,Copacabana,1,Mecânico Automotivo
1957-03-13,Joshua Brock,F,N,50,Oswaldo Cruz,4,Motorista
1961-05-14,Stephanie Hernandez,F,N,28,Ribeira,7,Eletricista
1970-08-14,Terri Powers,F,S,29,Manguinhos,7,Arquiteto
1958-11-04,Allison Smith,M,N,24,Botafogo,7,Dentista
1991-12-24,Jennifer Murphy,F,S,41,Vila Isabel,5,Chef de cozinha
1993-02-06,Susan Reynolds,F,N,76,Guaratiba,1,Engenheiro
1977-08-06,Richard Pierce,M,S,36,Del Castilho,4,Auxiliar de serviços gerais
1982-04-14,Alexandra Mathews,M,S,38,Barros Filho,6,Cantor
2005-04-05,Nathan Gallegos,M,S,54,Alto da Boa Vista,6,Cantor
2003-02-01,Andrew Powell,F,N,45,Praia da Bandeira,2,Enfermeiro
1994-07-05,Rachel Johnson,F,N,69,Lapa,6,Auxiliar de serviços gerais
1983-07-03,Joseph Rice,M,S,48,Turiaçu,2,Cientista
1962-02-21,Anna Guzman,F,N,64,São Francisco Xavier,6,Encanador
1951-12-30,Courtney Gonzalez,F,N,27,Jardim Botânico,3,Pedreiro
1959-12-14,Allison Blake,M,S,76,Vila Isabel,7,Gerente de banco
1977-07-03,Gavin Mccoy MD,F,S,25,Lins de Vasconcelos,4,Médico
1991-10-21,Kathryn King,M,S,19,Leme,5,Bombeiro
1988-05-22,Shannon Goodwin,M,N,79,Bonsucesso,7,Ator
1993-11-09,Debra Ellison,F,S,74,Parque Anchieta,7,Chef de cozinha
1995-10-07,Courtney Suarez,F,N,45,Vila da Penha,7,Arquiteto
1963-07-26,Michael Sweeney,F,N,26,São Francisco Xavier,1,Enfermeiro
1959-08-23,Christian Miller PhD,F,N,31,Irajá,4,Funcionário público
2006-01-03,Sandra Terrell,M,N,53,Cidade de Deus,5,Encanador
1990-12-27,Alexa Neal,F,N,52,Cosmos,1,Cantor
1966-05-14,Xavier Jordan,M,N,73,Botafogo,1,Cientista
1985-08-18,Monica Fuller,F,S,40,Rocha,6,Gerente de banco
1989-12-24,Jamie Soto,M,N,69,Barra da Tijuca,2,Policial
1963-12-23,Taylor Taylor,F,S,46,Irajá,1,Auxiliar de serviços gerais
1991-10-03,Dr. Brandon Davis MD,M,S,38,Catumbi,7,Personal trainer
1953-12-08,Andrea Ashley,M,S,38,Costa Barros,7,Bombeiro
1995-05-05,Jessica Weber,F,S,80,Leblon,3,Enfermeiro
1966-07-09,Taylor Johnson,M,N,33,Sampaio,6,Ator
1950-01-10,Thomas Young,M,N,73,Freguesia,6,Entregador
1951-05-30,Lorraine Rhodes,F,S,50,Praia da Bandeira,7,Digital influencer
1971-04-04,Michael Arnold,F,N,43,Del Castilho,3,Entregador
1993-07-04,Melissa Webb,M,N,29,Praça da Bandeira,7,Gerente de banco
1996-03-04,Christopher Singleton,F,N,18,Paciência,3,Bombeiro
1977-05-13,Gail Gregory,M,N,39,Magalhães Bastos,4,Médico
1968-06-08,Terry Carter,M,N,52,Centro,6,Químico
1977-02-20,Morgan Romero,M,N,72,Cidade Universitária,1,Publicitário
1998-09-25,Joel Bird,F,N,30,Anchieta,6,Entregador
1953-01-03,Jonathan Rivera,F,N,76,Guadalupe,4,Mecânico Automotivo
1952-11-09,Jeffrey Hernandez,F,N,73,Magalhães Bastos,7,Chef de cozinha
1998-07-18,Ronald Jackson,M,S,21,Moneró,6,Motorista
1967-01-24,Tiffany Houston,F,S,70,Riachuelo,5,Chef de cozinha
1964-11-26,Amanda Thornton,M,S,67,Paquetá,4,Policial
1985-06-27,Karen Munoz,M,N,27,Santa Cruz,5,Encanador
1981-11-14,Valerie Ward,M,S,70,Parada de Lucas,1,Estagiário
1997-12-16,Charles Schwartz,F,S,76,Vista Alegre,4,Personal trainer
1986-12-16,Veronica Martin,M,S,63,Méier,7,Digital influencer
1959-07-30,Emily Williams,F,S,69,Santíssimo,2,Segurança
1967-02-11,Andrea Gilbert,F,S,42,Santa Teresa,1,Químico
1996-12-06,James Romero,F,N,78,Cidade Nova,6,Motorista
1950-07-04,Jill Clark,M,N,69,Engenho da Rainha,5,Funcionário público
1974-02-17,Lindsey Barnes,F,S,56,Curicica,5,Arquiteto
1978-02-17,Kimberly Dunn,M,N,40,Inhaúma,6,Motorista
1950-01-21,Jeffrey Simmons,F,S,34,Coelho Neto,2,Segurança
1982-11-15,Juan Solomon,F,S,66,Méier,5,Químico
1995-03-24,John Rowe,F,N,36,Piedade,3,Ator
1993-03-15,Michele Patterson,M,N,64,Itanhangá,2,Auxiliar de serviços gerais
2001-04-05,Laura Mcbride,F,N,53,Vargem Grande,4,Arquiteto
1987-09-09,Dustin Carr,M,N,69,Centro,3,Ator
1984-05-16,Michelle Mendoza,M,N,30,Bangu,4,Mecânico Automotivo
2006-09-11,Christopher Middleton,F,S,40,Realengo,6,Estagiário
1967-05-23,Kathryn Edwards,M,N,30,Guadalupe,7,Chef de cozinha
1964-04-14,Mr. Steve Hall,F,N,53,Colégio,5,Chef de cozinha
1981-12-21,Michelle Christensen,M,N,46,Deodoro,4,Arquiteto
1962-02-28,Kristin Jones,M,N,58,Laranjeiras,1,Cientista
1988-09-19,Tiffany Brown,F,N,34,Cascadura,6,Segurança
2004-03-23,Chloe Robinson,F,N,32,Pechincha,6,Dentista
1949-06-05,Travis Martinez,M,N,25,Camorim,4,Policial
1961-07-09,Jared Graves,F,S,55,Engenho Novo,2,Ator
1970-01-26,Crystal Huber,F,N,76,Galeão,2,Motorista
1973-09-23,Penny Galvan,M,S,19,Jardim América,2,Estagiário
1968-12-05,James Harris,M,S,34,Galeão,5,Personal trainer
2003-01-23,Barbara Crawford,F,S,31,Cacuia,5,Professor
1956-08-03,Jesse Waller,M,S,49,Ribeira,4,Digital influencer
1952-04-23,Michele Mcbride,M,N,19,Gamboa,7,Enfermeiro
1985-12-26,Megan Diaz,M,N,40,Vargem Grande,1,Cantor
1966-04-01,Brett Gutierrez,M,N,36,Freguesia,1,Auxiliar de serviços gerais
1994-01-11,Carmen King,M,N,30,Irajá,2,Motorista
1955-09-24,Guy Strong,M,S,43,Higienópolis,4,Cabeleireiro
2005-05-02,Dominic Barber,M,N,35,Botafogo,5,Eletricista
1973-02-01,Jennifer Patton,F,S,48,Tauá,2,Segurança
1962-03-03,Cassandra Jefferson,F,N,50,Sepetiba,6,Cientista
1961-11-14,Jennifer West,M,N,24,Realengo,3,Arquiteto
1951-08-12,Karen Noble,M,S,79,Mangueira,5,Dentista
1957-03-22,Adam Allen,M,N,22,Padre Miguel,1,Personal trainer
1969-08-16,Joseph Huang PhD,F,N,23,Pitangueiras,7,Auxiliar de serviços gerais
1972-01-18,Dr. Jessica Duran,M,N,33,Olaria,2,Auxiliar de serviços gerais
1957-03-03,Matthew Phillips,F,S,28,Santo Cristo,4,Funcionário público
1989-06-02,Candace Pace,F,N,69,Oswaldo Cruz,3,Publicitário
1980-02-19,Joseph Thomas,F,S,71,Catete,3,Motorista
1971-10-25,Amy Tran,M,S,20,Cidade Universitária,6,Motorista
1953-05-25,Robert Alvarez,F,S,78,Higienópolis,2,Arquiteto
1989-07-09,Kyle Smith,M,N,34,Anil,3,Pedreiro
1991-04-20,Robin Coffey,M,N,35,Vila Valqueire,4,Motorista
2004-07-26,Jason Torres,M,N,74,Gericinó,1,Pedreiro
1978-03-01,Raymond Payne,F,S,27,Camorim,7,Cientista
1956-10-20,Jesse Harris,F,S,57,Rocha Miranda,3,Cabeleireiro
1954-03-25,Christopher Hodges,F,S,38,Praça da Bandeira,7,Personal trainer
2001-07-24,Jason Kim,F,S,72,Bancários,7,Gerente de banco
1968-03-26,Jacob Guerrero,M,N,66,Maracanã,1,Enfermeiro
1956-07-23,Kristin Shelton,F,S,54,Santo Cristo,2,Arquiteto
1976-02-09,Stephen Mathews,F,N,35,Barros Filho,7,Funcionário público
1949-08-06,Megan Rogers,F,N,47,São Cristóvão,1,Personal trainer
1987-06-26,Michael Dunlap,F,S,37,Senador Camará,6,Gerente de banco
2003-08-31,Tracy Vazquez,F,N,80,Jardim Sulacap,1,Digital influencer
2006-03-23,Trevor Allison,F,N,18,Anchieta,3,Chef de cozinha
1948-11-06,Brandon Peterson,F,S,77,Cachambi,3,Pedreiro
1995-07-17,James Harvey,F,S,60,Cosmos,7,Digital influencer
1977-07-16,Marisa Hughes MD,F,N,44,Todos os Santos,2,Engenheiro
2002-12-02,Sarah Carter,M,S,43,Lins de Vasconcelos,7,Publicitário
1958-04-14,Ian Ballard,F,N,61,Benfica,4,Eletricista
1974-02-27,Michael Wilson,M,S,62,Deodoro,6,Professor
1956-06-06,Dawn Russell,F,S,47,Paciência,3,Digital influencer
1983-08-28,Teresa Sandoval,F,N,27,Deodoro,1,Encanador
1997-01-16,James Bauer,M,S,39,Senador Camará,7,Mecânico Automotivo
1995-04-16,Joseph Johnson,F,N,42,Rio Comprido,1,Cabeleireiro
1980-09-07,Angel Clark,F,S,62,Cacuia,3,Engenheiro
1988-10-10,William Cooper,F,N,45,Laranjeiras,6,Enfermeiro
1959-08-08,Mark Briggs,F,S,25,Pechincha,1,Pedreiro
1970-10-11,Suzanne Warner,F,N,37,Engenheiro Leal,6,Entregador
2000-11-02,Mariah Garza,M,N,58,Santa Teresa,5,Policial
1949-09-08,Andrew Phillips,M,S,63,Olaria,3,Funcionário público
1991-04-09,Cheryl Lucero,F,N,27,Ipanema,1,Cantor
1972-08-07,Andrew Frost,M,N,49,Bonsucesso,7,Engenheiro
1994-11-15,Steven Myers,M,S,39,São Conrado,1,Arquiteto
1963-01-27,Manuel Jensen,M,S,51,Anil,1,Bombeiro
1960-03-11,Brittany Johnson,F,N,79,Saúde,4,Funcionário público
1999-11-03,Joseph Lewis,F,S,52,Freguesia,5,Estagiário
1996-02-02,Clayton Atkinson,M,N,56,Saúde,5,Químico
1987-03-13,Connie Wallace,M,N,25,Rocinha,3,Policial
1954-03-19,Crystal Diaz,F,S,30,Estácio,6,Publicitário
1961-02-11,Jason Allison,F,N,55,Pedra de Guaratiba,2,Mecânico Automotivo
1994-07-08,Tristan Wade,F,N,26,Humaitá,6,Segurança
1980-05-01,Jesus Davis,F,N,26,Lins de Vasconcelos,6,Advogado
1969-11-25,Jacob Turner,M,S,37,Barra da Tijuca,5,Chef de cozinha
1955-05-29,Lauren Bell,F,S,37,Vila Kennedy,2,Cientista
1961-11-19,Christine Cook,F,N,65,Barra de Guaratiba,7,Ator
1986-09-05,Lisa Wyatt,M,N,44,Manguinhos,2,Mecânico Automotivo
1956-03-12,Sandra Sanchez,M,S,35,Vila Militar,4,Eletricista
1950-02-26,Kara Dalton,F,N,59,Higienópolis,2,Personal trainer
2002-08-08,Joseph Reese,F,N,73,Glória,1,Auxiliar de serviços gerais
1973-03-18,Adam Barrera,M,S,54,Ricardo de Albuquerque,6,Estagiário
2000-04-03,David Valencia,M,N,51,Bonsucesso,5,Motorista
1993-01-22,Brandon Ruiz,M,S,26,Madureira,2,Entregador
1949-08-15,Frank Jordan,M,S,30,Paquetá,6,Personal trainer
1993-10-17,Harry Murray,F,N,35,São Cristóvão,3,Segurança
1951-04-02,Austin Cantu,F,N,53,Riachuelo,7,Motorista
1969-12-18,Mia Miller,M,S,40,Tanque,1,Arquiteto
1978-03-16,Matthew Cruz,F,N,38,Santa Teresa,1,Arquiteto
1971-04-25,Brent Ellis,M,N,40,Olaria,1,Pedreiro
2004-06-05,Amanda Cardenas,M,N,26,Cordovil,7,Mecânico Automotivo
1986-09-27,Douglas Spencer,M,S,23,Pilares,4,Motorista
2004-11-24,Mrs. Jennifer Wilson DVM,M,S,64,Paquetá,6,Eletricista
1970-08-31,Nicole Stewart,M,N,49,Mangueira,2,Motorista
1972-08-01,Ashley Caldwell,M,N,42,Santa Cruz,4,Enfermeiro
1963-10-16,Cindy Moreno,M,S,77,Leme,2,Personal trainer
1994-11-03,Diana Stewart,F,S,46,Pilares,5,Pedreiro
1965-08-22,Donald Andrews,F,N,22,Centro,2,Advogado
1971-07-30,Deborah Williams,F,N,36,Lagoa,4,Entregador
2000-09-30,Janice Navarro,M,S,61,Vargem Grande,4,Chef de cozinha
1993-09-09,Daniel Greene,M,N,56,Vargem Pequena,2,Funcionário público
1977-06-04,Ashley Robinson,M,S,46,Gardênia Azul,7,Bombeiro
1984-05-19,Andrew Dyer,M,S,78,Deodoro,1,Gerente de banco
2004-12-30,Joshua Wood,F,N,56,Bonsucesso,7,Funcionário público
2002-05-02,Joseph Johnson,F,N,43,Del Castilho,6,Digital influencer
1962-02-14,Sara Mclean,F,S,74,Caju,4,Personal trainer
1961-11-30,Richard Turner,M,S,43,Vila da Penha,4,Advogado
1988-09-30,Carolyn Weaver,M,S,39,Urca,1,Químico
1978-12-05,Crystal Butler,F,S,46,Vista Alegre,4,Advogado
1976-04-17,Jill Berry,M,S,80,Gamboa,3,Segurança
1956-04-25,Mckenzie Garcia,M,N,20,Sepetiba,4,Químico
1956-11-07,Rhonda Lambert,F,N,24,Caju,4,Professor
1967-12-19,Philip Ryan,M,N,51,Engenho da Rainha,4,Cientista
1963-03-09,Jill Carter,M,N,58,Cosmos,3,Mecânico Automotivo
1974-04-30,Wendy Lester,M,S,79,Vaz Lobo,4,Arquiteto
1990-08-15,Jessica Osborne,F,N,47,Praça da Bandeira,1,Cantor
1984-03-20,Henry Sanchez,M,N,54,Campinho,7,Encanador
2006-05-26,Michael Gomez,M,S,19,Freguesia,5,Ator
1969-02-19,Joseph Brown,F,N,22,Cachambi,3,Professor
1985-06-18,Christopher Bishop,M,S,18,Magalhães Bastos,1,Auxiliar de serviços gerais
1964-12-06,Amy Johnson,M,S,18,Recreio dos Bandeirantes,1,Digital influencer
1986-05-31,Nathaniel Anderson,F,S,69,Vila da Penha,1,Cabeleireiro
1985-02-24,Megan Shelton,F,S,52,Inhoaíba,5,Químico
1962-10-14,John Patel,F,S,36,Gávea,2,Cantor
1987-07-13,Mark Dominguez,M,S,60,Leme,3,Advogado
1980-05-26,Rhonda Thompson,M,S,19,Coelho Neto,5,Pedreiro
1995-12-29,Miss Lori Johnson DDS,M,N,40,Turiaçu,1,Policial
1982-12-22,Lori Schmidt,M,N,47,Jacarepaguá,3,Entregador
1992-07-29,Daniel Clark,F,S,55,São Conrado,1,Digital influencer
1949-02-09,Mary Turner,F,N,24,Pavuna,5,Estagiário
1979-07-02,Emma Shaw,F,S,70,Del Castilho,1,Cabeleireiro
1961-01-17,Cynthia Hernandez,M,S,25,Senador Vasconcelos,4,Motorista
1998-07-22,Christopher Sandoval,M,S,55,Vigário Geral,4,Entregador
1962-09-16,Jeffrey Rojas,F,S,77,Pilares,5,Ator
1987-05-07,John Dominguez,F,N,71,Bonsucesso,1,Médico
1985-02-03,Rebecca Mcintosh,M,S,73,Sepetiba,4,Ator
2003-06-14,Julie Santos,M,N,64,Vicente de Carvalho,1,Mecânico Automotivo
1983-03-18,Tonya Reed,F,N,56,Leblon,5,Auxiliar de serviços gerais
1983-07-19,Donna Frye,M,S,74,Lins de Vasconcelos,5,Pedreiro
1974-10-22,Amy Harrell,F,S,43,Sepetiba,2,Químico
1965-09-05,Amy Sanford,M,N,48,Engenho da Rainha,5,Ator
1976-05-04,Christopher Thornton,M,N,66,Abolição,5,Ator
1953-12-15,Ariana Jones,F,N,51,Água Santa,2,Entregador
1998-01-04,Elizabeth Rodriguez,F,S,36,Catumbi,6,Estagiário
1988-06-19,Sherri Burton,M,N,63,Mangueira,7,Arquiteto
1990-05-01,Jamie Stewart,M,S,61,Catumbi,6,Gerente de banco
1957-06-26,Joshua Taylor,M,S,64,Barra da Tijuca,2,Professor
2000-01-10,Bradley Love,M,S,79,Colégio,2,Advogado
1992-09-23,Aaron Wilson,M,S,73,Penha,5,Segurança
1955-03-14,Melissa Mills,F,N,45,Madureira,4,Gerente de banco
1982-01-18,Michael Martinez,F,S,39,Engenho Novo,4,Engenheiro
1973-01-12,Jacqueline Evans,F,N,76,Santo Cristo,2,Cientista
2006-04-27,Samantha Carter,F,S,67,Manguinhos,4,Funcionário público
1963-05-01,Anthony Kirk,F,N,49,Vaz Lobo,2,Segurança
1996-01-01,Christopher Rose,M,S,69,Guaratiba,6,Enfermeiro
1998-05-26,Toni Fernandez,F,N,69,Grajaú,5,Dentista
1972-11-02,Valerie Johnson,M,S,56,Benfica,3,Ator
1957-05-21,Karen Allison,F,N,40,Camorim,1,Funcionário público
1997-03-26,Diane Brown,F,S,49,Honório Gurgel,2,Entregador
1976-05-21,Jessica Bonilla,M,S,20,Vargem Grande,4,Funcionário público
1976-03-07,Suzanne Romero,M,N,28,Cosmos,3,Digital influencer
1997-01-06,Victoria Ferguson,F,N,64,Vicente de Carvalho,3,Entregador
1977-02-02,Patrick Moore,F,S,64,Cocotá,2,Eletricista
1953-04-30,Victoria Williams,F,S,60,São Conrado,2,Segurança
1975-03-04,Kimberly Bailey,M,N,20,Alto da Boa Vista,5,Ator
2002-04-25,Ashley Rogers MD,M,N,55,Paciência,5,Químico
1956-05-10,Jason Contreras,M,S,70,Cordovil,6,Mecânico Automotivo
1978-01-21,Jaime Miller,M,S,54,Manguinhos,1,Personal trainer
1978-11-04,Melinda Turner,M,N,54,Penha,7,Ator
1980-02-11,Jennifer Johnson,F,N,30,Cidade de Deus,3,Policial
1989-07-06,Suzanne Jacobson,M,S,40,Urca,7,Encanador
1961-07-04,Melissa Johnson,M,N,41,Pitangueiras,4,Estagiário
1967-02-20,Brandon Shepard,F,S,49,Recreio dos Bandeirantes,6,Chef de cozinha
1962-03-16,Eric Reed,F,N,29,Taquara,1,Segurança
1970-06-03,Duane Ingram,M,S,66,Jardim Sulacap,2,Policial
1948-12-01,Blake Green,M,N,54,Guaratiba,2,Chef de cozinha
1973-01-15,Julia Davis,M,N,77,Senador Vasconcelos,2,Encanador
2006-04-24,John Page,F,S,26,Maracanã,1,Engenheiro
1953-11-29,Mark Edwards,F,S,68,Zumbi,4,Arquiteto
1962-03-26,Linda Roth,M,N,34,Vargem Pequena,5,Arquiteto
2002-10-29,Debra Sutton,F,N,68,Penha,1,Pedreiro
1969-11-04,Ian Kemp DDS,F,N,34,Grajaú,1,Eletricista
2004-01-30,Jeffery Friedman,M,N,30,Paciência,2,Funcionário público
1951-11-23,Anna Little,M,S,68,Alto da Boa Vista,7,Chef de cozinha
1975-11-06,Justin Blackwell,M,S,42,Cidade de Deus,2,Entregador
1960-12-24,Megan Smith,M,S,64,Cosmos,5,Chef de cozinha
1989-09-24,Sarah Nelson,F,N,26,Recreio dos Bandeirantes,5,Digital influencer
2000-08-12,Nicole Johnson,M,S,35,Curicica,4,Cabeleireiro
2006-02-25,Virginia Norton,M,N,65,Sampaio,3,Chef de cozinha
1952-10-12,Danielle Perry,F,S,50,Abolição,6,Chef de cozinha
1994-05-04,Michael Crawford,F,S,29,Pedra de Guaratiba,1,Entregador
1949-12-19,Erin Sanders,F,S,70,Cachambi,5,Eletricista
1965-08-11,Alan Nguyen,F,N,56,Bancários,5,Mecânico Automotivo
1978-09-14,Pam Curry,F,N,60,Vila Kosmos,1,Eletricista
1985-01-08,Lisa Ingram,F,S,44,Honório Gurgel,1,Professor
1966-10-12,Jacqueline Murphy,M,S,43,Pavuna,4,Advogado
1984-11-16,Matthew Tucker,M,S,73,Marechal Hermes,5,Policial
1981-02-15,Theresa Anderson,F,S,69,São Cristóvão,2,Policial
2000-03-28,Jennifer Turner,M,N,32,Freguesia,2,Policial
1999-06-17,David Wright,F,N,26,Cidade Nova,2,Policial
1952-06-10,Wesley Raymond,F,N,50,Anchieta,2,Dentista
1974-02-01,Jennifer Burns,M,N,20,Vaz Lobo,3,Químico
1998-01-09,Steven Spencer,F,S,36,Campo Grande,1,Cantor
1998-03-10,Dr. Erin Freeman,M,N,26,Bangu,3,Gerente de banco
2004-06-08,Richard Page,F,N,26,Mangueira,6,Personal trainer
2002-05-01,James Oconnor,M,S,36,Brás de Pina,1,Auxiliar de serviços gerais
1970-03-16,Pamela Mcconnell,F,S,44,Praia da Bandeira,6,Segurança
1960-11-13,Marcus Reed III,M,N,50,Taquara,1,Estagiário
1979-02-16,Edwin Lee,F,N,52,Caju,4,Gerente de banco
1986-03-11,Jennifer Collins,M,S,28,Sampaio,3,Enfermeiro
1957-08-06,Kenneth Henson,M,N,74,Pavuna,5,Publicitário
2002-10-09,Denise Valdez MD,M,N,53,Maracanã,4,Digital influencer
1983-05-15,Christy Peterson,F,N,52,Tijuca,5,Cantor
1963-02-08,Rebecca Miller,F,S,34,Deodoro,7,Entregador
1967-11-28,Kelly Taylor,M,S,38,Portuguesa,7,Médico
1991-02-12,Emily Perez,M,S,20,Pavuna,4,Auxiliar de serviços gerais
1977-03-12,Timothy Miles,F,S,48,Grajaú,5,Digital influencer
1981-12-01,Daniel Webb,M,N,23,Benfica,4,Químico
1984-07-26,Amber Alvarez,M,S,22,Engenheiro Leal,7,Policial
1967-04-03,Tammy Moore,M,N,66,Colégio,6,Motorista
1956-05-13,Jason Walsh,F,S,40,Vila Kosmos,7,Encanador
1956-04-16,Amy Lee,F,N,41,Zumbi,1,Encanador
